"DESCRIPTION","DURATION IN MS","NAME","PARENT SUITE","START TIME","STATUS","STOP TIME","SUB SUITE","SUITE","TEST CLASS","TEST METHOD"
"","","test_application_is_up[2]","tests.integration","","unknown","","","test_charm","",""
"Build and deploy a sharded cluster.","","test_build_and_deploy","tests.integration","","unknown","","","test_sharding","",""
"Tests the integration of cluster components works without error.","","test_cluster_active","tests.integration","","unknown","","","test_sharding","",""
"","","test_application_is_up[0]","tests.integration","","unknown","","","test_charm","",""
"","","test_application_is_up[1]","tests.integration","","unknown","","","test_charm","",""
"Build the charm-under-test and deploy it together with related charms.

    Assert on the unit status before any relations/configurations take place.
    ","","test_build_and_deploy","tests.integration","","unknown","","","test_charm","",""
